<?xml version="1.0" encoding="UTF-8"?>
<beans xmlns="http://www.springframework.org/schema/beans"
    xmlns:xsi="http://www.w3.org/2001/XMLSchema-instance"
    xmlns:mvc="http://www.springframework.org/schema/mvc"
    xmlns:context="http://www.springframework.org/schema/context"
    xmlns:util="http://www.springframework.org/schema/util"
    xsi:schemaLocation="http://www.springframework.org/schema/beans http://www.springframework.org/schema/beans/spring-beans-3.0.xsd
        http://www.springframework.org/schema/context http://www.springframework.org/schema/context/spring-context-3.0.xsd
        http://www.springframework.org/schema/mvc http://www.springframework.org/schema/mvc/spring-mvc-3.0.xsd 
        http://www.springframework.org/schema/util http://www.springframework.org/schema/util/spring-util-3.0.xsd">
        
  <context:annotation-config/> 
  <mvc:annotation-driven/>
  <context:component-scan base-package="com.bellinf.batch4.mvc"/>
  
  <bean class="org.springframework.web.servlet.view.InternalResourceViewResolver">
     <property name="prefix" value="/WEB-INF/pages/"/>
     <property name="suffix" value=".jsp"/>
    <!-- if response by your controller is "success" then this viewResolver will append prefex and suffix like
    then result become "/WEB-INF/pages/success.jsp"  -->
  </bean>
<!-- /WEB-INF/pages/welcome.jsp -->
  <bean id="messageSource" class="org.springframework.context.support.ResourceBundleMessageSource">
    <property name="basename">
        <value>messages</value>
    </property>
  
  </bean>
   
 </beans>   